<?xml version="1.0" encoding="UTF-8" standalone="no"?>
<project default="create_run_jar" name="Create Runnable Jar for Project 201">
    <!--this file was created by Eclipse Runnable JAR Export Wizard-->
    <!--ANT 1.7 is required                                        -->
    <!--define folder properties-->
    <property name="dir.buildfile" value="."/>
    <property name="dir.workspace" value="C:/Users/hicksaj2/eclipse-workspace"/>
    <property name="dir.jarfile" value="${dir.buildfile}"/>
    <target name="create_run_jar">
        <jar destfile="${dir.jarfile}/MovieShare.jar" filesetmanifest="mergewithoutmain">
            <manifest>
                <attribute name="Main-Class" value="App"/>
                <attribute name="Class-Path" value="."/>
            </manifest>
            <fileset dir="${dir.workspace}/201/bin"/>
            <zipfileset excludes="META-INF/*.SF" src="C:/Program Files/eclipse/java/plugins/org.junit.jupiter.api_5.1.0.v20180327-1502.jar"/>
            <zipfileset excludes="META-INF/*.SF" src="C:/Program Files/eclipse/java/plugins/org.junit.jupiter.engine_5.1.0.v20180327-1502.jar"/>
            <zipfileset excludes="META-INF/*.SF" src="C:/Program Files/eclipse/java/plugins/org.junit.jupiter.migrationsupport_5.1.0.v20180327-1502.jar"/>
            <zipfileset excludes="META-INF/*.SF" src="C:/Program Files/eclipse/java/plugins/org.junit.jupiter.params_5.1.0.v20180327-1502.jar"/>
            <zipfileset excludes="META-INF/*.SF" src="C:/Program Files/eclipse/java/plugins/org.junit.platform.commons_1.1.0.v20180327-1502.jar"/>
            <zipfileset excludes="META-INF/*.SF" src="C:/Program Files/eclipse/java/plugins/org.junit.platform.engine_1.1.0.v20180327-1502.jar"/>
            <zipfileset excludes="META-INF/*.SF" src="C:/Program Files/eclipse/java/plugins/org.junit.platform.launcher_1.1.0.v20180327-1502.jar"/>
            <zipfileset excludes="META-INF/*.SF" src="C:/Program Files/eclipse/java/plugins/org.junit.platform.runner_1.1.0.v20180327-1502.jar"/>
            <zipfileset excludes="META-INF/*.SF" src="C:/Program Files/eclipse/java/plugins/org.junit.platform.suite.api_1.1.0.v20180327-1502.jar"/>
            <zipfileset excludes="META-INF/*.SF" src="C:/Program Files/eclipse/java/plugins/org.junit.vintage.engine_5.1.0.v20180327-1502.jar"/>
            <zipfileset excludes="META-INF/*.SF" src="C:/Program Files/eclipse/java/plugins/org.opentest4j_1.0.0.v20180327-1502.jar"/>
            <zipfileset excludes="META-INF/*.SF" src="C:/Program Files/eclipse/java/plugins/org.apiguardian_1.0.0.v20180327-1502.jar"/>
            <zipfileset excludes="META-INF/*.SF" src="C:/Program Files/eclipse/java/plugins/org.junit_4.12.0.v201504281640/junit.jar"/>
            <zipfileset excludes="META-INF/*.SF" src="C:/Program Files/eclipse/java/plugins/org.hamcrest.core_1.3.0.v20180420-1519.jar"/>
        </jar>
    </target>
</project>
